"year","month","day","type","authors","title","venue","detail","place","award","url","doi","note","reviewed","sortkey"
"2026","10","","conference","K. Minomo*, R. Takahashi, K. Yasui, Y. Nakashima, M. Yamamoto, and A. Kanada","Dense-Joint-Based Obstacle-Aided Locomotion with a Joint-Repositionable Snake Robot","2026 IEEE/RSJ International Conference on Intelligent Robots and Systems (IROS)","To appear","Pittsburgh, USA","","","","","yes","20261000"
"2026","10","","conference","Y. Li*, R. Takahashi*†, W. Yukita, I. Wicaksono, K. Matsutani, Y. Iwamoto, S. Lee, T. Yokota, T. Someya, and Y. Kawahara","Machine-knittable, Magnetically-Plug-n-Play E-Textile Prototyping","2026 IEEE/RSJ International Conference on Intelligent Robots and Systems (IROS)","To appear","Pittsburgh, USA","","","","","yes","20261000"
"2026","10","","conference","H. Yamamoto*, Y. Li, Y. Kawahara, and R. Takahashi†","picoRing dual: ultralow-power bimanual ring controllers for everyday AR","Proceedings of the 2026 ACM International Symposium on Wearable Computers (ISWC '26)","To appear","","","https://doi.org/10.1145/3830727.3834815","","","yes","20261000"
"2026","10","","workshop","S. Ido*, K. Tanaka*, R. Maeda*, R. Takahashi, A. Noda, and S. Ishida","Collisionless Multi-Tag NFC Sensing for Indoor Activity Recognition Using Meander E-Textiles","Proc. of ACM UbiComp 2026","Intelligent Soft Wearables Workshop","Shanghai, China","","https://doi.org/10.1145/3798063.3839219","","","yes","20261000"
"2026","10","","workshop","H. Yamamoto*, Y. Li, Y. Kawahara, and R. Takahashi†","Flexible NFC wristband for ultralow-power ring-to-wristband interaction","Proc. of ACM UbiComp 2026","Intelligent Soft Wearables Workshop","Shanghai, China","","https://doi.org/10.1145/3798063.3839217","","","yes","20261000"
"2026","10","","workshop","C. Honnet, T. C. Yu, R. Takahashi, T. Cheng, C. Zhang, Y. Kawahara, Y. Luo, I. Wicaksono, and J. Paradiso","Intelligent Soft Wearables: Bridging Disciplines Towards Soft Wearables for Everyone, Everywhere","Proc. of ACM UbiComp 2026","To appear","Shanghai, China","","https://doi.org/10.1145/3798063.3839755","","","yes","20261000"
"2026","09","","journal","T. Sato*†, R. Takahashi*†, S. Watanabe, W. Yukita, T. Yokota, T. Someya, Y. Kawahara, E. Iwase, and W. Iwasaki","Friction-Based Interconnection of Stretchable Liquid Metal-Based Coil with Rigid Capacitors for Mechanically Durable Wireless Powering Textile","ACS Applied Materials & Interfaces","To appear","","","https://doi.org/10.1021/acsami.6c06181","","","yes","20260900"
"2026","08","13","journal","R. Takahashi*†, Y. Li, M. Fukumoto, A. Noda, S. Ishida, T. Yokota, T. Someya, and Y. Kawahara","Ultra-Low-Power Wireless Ring Mouse","Electronics and Communications in Japan","146(7), pp.186-192","","","https://doi.org/10.1002/ecj.70049","10.1002/ecj.70049","","yes","20260813"
"2026","08","","article","高橋亮*†","無線で給電・通信ができる衣服を実現 多彩なウエアラブルデバイス活用に道","JSTnews","8月号","","","https://www.jst.go.jp/pr/jst-news/backnumber/2026/202608/pdf/2026_08.pdf","","","no","20260800"
"2026","07","09","journal","R. Takahashi*†, H. H. Chen, H. Mao, W. Yukita, T. Yokota, T. Someya, Y. Kawahara, Y. Luo†, and I. Wicaksono†","Knittable electronic textiles for intelligent soft wearables","npj Flex Electron","To appear","","","https://www.nature.com/articles/s41528-026-00611-y","10.1038/s41528-026-00611-y","","yes","20260709"
"2026","07","01","journal","高橋亮*†,Y. Li,福本雅朗,野田聡人,石田繁巳,横田知之,染谷隆夫,川原圭博","picoRing mouse:極低電力な指輪型無線マウス","電気論文誌E","146巻,7号","","","https://www.jstage.jst.go.jp/article/ieejsmas/146/7/146_186/_article/-char/ja","10.1541/ieejsmas.146.186","","yes","20260701"
"2026","07","","journal","R. Takahashi*† and Y. Kawahara","Near-field power and data networking via meandered e-textiles for continuous, large-scale BodyNet","IEEE Pervasive Computing","in press","","","https://doi.org/10.1109/MPRV.2026.3712563","10.1109/MPRV.2026.3712563","","yes","20260700"
"2026","07","","article","高橋亮*†","ヒトの周りでの安全・大面積・W級の服型無線給電ネットワーク","月刊EMC","8月号","","","","","","no","20260700"
"2026","06","","domestic","韓燦教,高橋亮,横田知之,川原圭博","メアンダコイル上の小型移動ロボットの走行中無線給電における給電効率を考慮した探索的経路生成手法","ROBOMECH","1P1-H09","福岡","","","","","no","20260600"
"2026","06","","domestic","山本英昂,高橋亮,川原圭博","picoRing NFC: 中距離NFCを用いた極低電力なワイヤレススマートリング","ROBOMECH 2026","2A1-R04","福岡","","","","","no","20260600"
"2026","06","","domestic","高橋亮*†,川原圭博","機械編みによる人体スケールの NFC リーダ服","ROBOMECH 2026","2P1-O10","福岡","","","","","no","20260600"
"2026","06","","domestic","蓑毛響介,高橋亮,安井浩太郎,山本元司,中島康貴,金田礼人","関節の高密度化がヘビ型ロボットの障害物利用推進に与える影響の調査","ROBOMECH 2026","2A1-I09","福岡","","","","","no","20260600"
"2026","04","13","demo","H. Yamamoto*, Y. Li*, W. Yukita, T. Yokota, T. Someya, R. Takahashi, and Y. Kawahara","Body-scale NFC for wearables: human-centric body-scale NFC networking for ultra-low-power wearable devices (Demo of UTokyo Kawahara Lab 2025)","Extended Abstracts of the 2026 CHI Conference on Human Factors in Computing Systems","Article No. 825, pp. 1-6","Barcelona, Spain","","https://dl.acm.org/doi/10.1145/3772363.3799126","10.1145/3772363.3799126","","yes","20260413"
"2026","01","25","conference","T. Sato, R. Takahashi, K. Yamagishi, T. Someya, M. Hashimoto, E. Iwase, Y. Kawahara, J. Kurumida, and W. Iwasaki","3D-printing water-soluble channels filled with liquid metal for recyclable and cuttable wireless power sheet","2026 IEEE 39th International Conference on Micro Electro Mechanical Systems (MEMS)","VII-b-2","Salzburg, Austria","","https://doi.org/10.1109/mems64181.2026.11419301","10.1109/mems64181.2026.11419301","","yes","20260125"
"2025","11","","domestic","高橋亮*†,Y. Li,福本雅朗,M. Kari,野田聡人,石田繁巳,横田知之,染谷隆夫,川原圭博","極低電力な指輪型無線マウス","「センサ・マイクロマシンと応用システム」シンポジウム","第42回","宇都宮","奨励賞","https://sensorsymposium.org/2025/","","","yes","20251100"
"2025","11","","domestic","佐藤峻,高橋亮,山岸健人,染谷隆夫,橋本道尚,岩瀬英治,川原圭博,来見田淳也,岩﨑渉","液体金属を充填した3D印刷水溶性流路によるリサイクル可能なフレキシブル電子デバイス","第16回マイクロ・ナノ工学シンポジウム","12P2-PN-92","宇都宮","ファイナリスト","https://www.jsme.or.jp/conference/mnm2025/outline.html","","","yes","20251100"
"2025","10","12","conference","R. Takahashi*†, T. Sato, W. Yukita, T. Yokota, T. Someya, and Y. Kawahara","Full-body WPT: wireless powering with meandered e-textiles","Companion of the 2025 ACM International Joint Conference on Pervasive and Ubiquitous Computing (UbiComp Companion'25)","pp. 529-533","","","https://doi.org/10.1145/3714394.3750714","10.1145/3714394.3750714","","yes","20251012"
"2025","10","12","workshop","Y. Li, R. Takahashi, I. Wicaksono, W. Yukita, Y. Iwamoto, S. Lee, T. Yokota, T. Someya, and Y. Kawahara","Plug-n-play e-knit with LED-based sensor positioning","Proc. of ACM UbiComp 2025","Intelligent Soft Wearables Workshop","Espoo, Finland","","","","","yes","20251012"
"2025","10","","conference","Y. Li, M. Fukumoto, M. Kari, S. Ishida, A. Noda, T. Yokota, T. Someya, Y. Kawahara, and R. Takahashi†","Ultra-low-power ring-based wireless tinymouse","Proceedings of the 38th Annual ACM Symposium on User Interface Software and Technology (ACM UIST)","Article 22, 1-12","Busan, Korea","","https://dl.acm.org/doi/10.1145/3746059.3747615","10.1145/3746059.3747615","","yes","20251000"
"2025","10","","workshop","T. C. Yu, C. Honnet, T. Cheng, R. Takahashi, B. Zhou, C. Zhang, J. A. Paradiso, Y. Kawahara, P. Lukowicz, J. Hester, Y. Luo, and I. Wicaksono","Intelligent Soft Wearables","Proc. of ACM UbiComp 2025","1123-126","Espoo, Finland","","https://softwearables.github.io/#ubicomp-2025","","","yes","20251000"
"2025","09","28","demo","Y. Li, M. Fukumoto, M. Kari, S. Ishida, A. Noda, T. Yokota, T. Someya, Y. Kawahara, and R. Takahashi†","Ultra-low-power ring-based wireless tinymouse","Proceedings of the 38th Annual ACM Symposium on User Interface Software and Technology (ACM UIST)","","Busan, South Korea","","https://programs.sigchi.org/uist/2025/program/content/209728","","","yes","20250928"
"2025","09","","domestic","山本英昂,李蘊韜,韓燦教,横田知之,染谷隆夫,川原圭博,高橋亮†","指輪-リストバンドコイル間の磁気結合を用いた超低電力な指輪型無線XRコントローラの設計","信学ソ大2025","B-15-32","岡山","","https://pub.confit.atlas.jp/ja/event/society2025/presentation/B-15-32","","","no","20250900"
"2025","09","","domestic","高橋亮*†,Y. Li,福本雅朗,M. Kari,山本英昂,野田聡人,石田繁巳,横田知之,染谷隆夫,川原圭博","超低電力な指輪型無線マウス","情報処理学会 UBI研究会","第87回","富山","優秀論文賞","","","","no","20250900"
"2025","06","","domestic","韓燦教,高橋亮,野田聡人,川原圭博","Roam beyond Battery: 長期的な屋内広範囲運用に向けた無線給電対応の小型移動ロボットネットワーク","ROBOMECH2025","2A1-J10","山形","","https://robomech.org/2025/schedule/","","","no","20250600"
"2025","06","","domestic","保坂琉介,金田礼人,林渓人,中島康貴,高橋亮,雪田和歌子,横田知之,染谷隆夫,亀﨑允啓,川原圭博,佐藤峻,来見田淳也,岩瀬英治,山本元司","移動関節ヘビ型ロボット:任意の体幹位置を能動屈曲可能なヘビ型ロボットによるセンサレス狭路推進制御の検討","ROBOMECH2025","2A1-R01","山形","","https://robomech.org/2025/schedule/","","","no","20250600"
"2025","05","","journal","A. Kanada*, R. Takahashi*, K. Hayashi, R. Hosaka, W. Yukita, Y. Nakashima, T. Yokota, T. Someya, M. Kamezaki, and Y. Kawahara","Joint-repositionable Inner-wireless Planar Snake Robot","IEEE Robotics and Automation Letters","Vol. 10, No. 5, pp. 4994-5001","","Best Paper Award","https://doi.org/10.1109/LRA.2025.3555394","","","yes","20250500"
"2025","05","","domestic","T. Sato, S. Watanabe, R. Takahashi, T. Yokota, T. Someya, Y. Kawahara, and E. Iwase","Design of full-body wireless charging-enabled textiles with liquid metal-based jointing","The 8th Event of the Researchers Society for Flexible and Stretchable Electronics","","Hokkaido,Japan","","https://fsejp.weebly.com/8th-event-may-22_23-2025.html","","","no","20250500"
"2025","05","","domestic","高橋亮*†,韓燦教,雪田和歌子,J. S. Ho,笹谷拓也,野田聡人,横田知之,染谷隆夫,川原圭博","Full-body NFC: メアンダ形状の電子ニットによる全身電池レス無線センサネットワーク","UBI研究会","第86回セッション2:IoT","東京","優秀論文賞","https://sigubi.ipsj.or.jp/seminar86/","","","no","20250500"
"2025","04","26","demo","Y. Li, M. Fukumoto, M. Kari, T. Yokota, T. Someya, Y. Kawahara, and R. Takahashi†","Demo of picoRing mouse: ultra-low-powered wireless mouse ring with ring-to-wristband coil-based impedance sensing","Extended Abstracts of the CHI Conference on Human Factors in Computing Systems (CHI EA ’25)","Article 707, pp. 1-5","Yokohama, Japan","","https://doi.org/10.1145/3706599.3721183","10.1145/3706599.3721183","","yes","20250426"
"2025","03","04","conference","Y. Li, R. Takahashi, W. Yukita, K. Matsutani, C. Caremel, Y. Iwamoto, S. Lee, T. Yokota, T. Someya, and Y. Kawahara","Plug-n-play e-knit: prototyping large-area e-textiles using machine-knitted magnetically-repositionable sensor networks","Proc. of TEI 2025","Article No. 56, pp. 1-7","Bordeaux, France","","https://dl.acm.org/doi/10.1145/3689050.3705973","","","yes","20250304"
"2025","03","","domestic","黒田楓馬,金田礼人,高橋亮,亀﨑允啓,川原圭博","強化学習による移動関節ヘビ型ロボットの移動パターン獲得","情報処理学会 総合大会","5J-05","大阪","","https://www.gakkai-web.net/ipsj/87/program87.html","","","no","20250300"
"2025","01","19","conference","T. Sato, S. Watanabe, R. Takahashi, W. Yukita, T. Yokota, T. Someya, Y. Kawahara, E. Iwase, and J. Kurumida","Friction Jointing of Distributed Rigid Capacitors to Stretchable Liquid Metal Coil for Full-Body Wireless Charging Clothing","IEEE MEMS 2025","pp. 181-184","Taiwan","","https://ieeexplore.ieee.org/document/10917417","","","yes","20250119"
"2024","12","","domestic","R. Takahashi*†, E. Whitmire, R. Boldu, S. Ng, W. Kienzle, and H. Benko","picoRing: バッテリーレスな指輪型入力デバイス","第32回インタラクティブシステムとソフトウェアに関するワークショップ(WISS2024)","国際学会招待発表枠","日本","","","","招待論文","no","20241200"
"2024","11","","domestic","佐藤峻,渡邉慎人,高橋亮,川原圭博,岩瀬英治,来見田淳也","全身無線給電服に向けた分散コンデンサ付き液体金属メアンダ配線の検討","第15 回マイクロ・ナノ工学シンポジウム","マイクロナノシステム","仙台","優秀講演論文","https://www.jsme.or.jp/conference/mnm2024/","","","no","20241100"
"2024","11","","domestic","高橋亮*†,野田聡人,韓燦教,横田知之,染谷隆夫,川原圭博","医療デジタルツインの実現に向けた全身無線通信・給電服の設計","超知性ネットワーキングに関する分野横断型研究会(RISING)","41.0","北海道","","","","ポスター講演","no","20241100"
"2024","10","13","conference","R. Takahashi*†, E. Whitmire, R. Boldu, S. Ng, W. Kienzle, and H. Benko","picoRing: battery-free rings for subtle thumb-to-index input","Proceedings of the 37th Annual ACM Symposium on User Interface Software and Technology (UIST'24)","Article No. 13, pp. 1-11","Pittsburgh, USA","","https://doi.org/10.1145/3654777.3676365","10.1145/3654777.3676365","","yes","20241013"
"2024","10","","domestic","高橋亮*†,野田聡人,韓燦教,横田知之,染谷隆夫,川原圭博","医療デジタルツインの実現に向けた全身無線通信・給電服の設計","革新的無線通信技術に関する横断型研究会(MIKA2024)","80.0","岡山","","","","ポスター講演","no","20241000"
"2024","09","","domestic","黒田楓馬,高橋亮,金田礼人,佐藤峻,亀﨑允啓,川原圭博","自在関節索状ロボットのインナーワイヤレス化に向けた無線給電ソフトロボットスキンの検討","第42回日本ロボット学会学術講演会","1C2-02","大阪","","https://ac.rsj-web.org/2024/program.html","","","no","20240900"
"2024","05","","poster","R. Takahashi*†, T. Sato, W. Yukita, T. Yokota, T. Someya, E. Iwase, and Y. Kawahara","Body-scale wireless charging via meandered textile coil for continuous full-body electric skin","The 7th event of THE YOUNG RESEARCHERS SOCIETY FOR FLEXIBLE AND STRETCHABLE ELECTRONICS","","Osaka,Japan","FSE Best Poster Presentation Award","https://fsejp.weebly.com/uploads/1/3/3/5/133572570/fse_7th_flyer_and_program_2.pdf","","","no","20240500"
"2023","08","","journal","高橋亮*†,雪田和歌子,横田知之,染谷隆夫,川原圭博","メアンダコイル++:継続的なウェアラブルコンピューティングのための衣類全面での安全で高効率な無線給電","コンピュータソフトウェア(サイバー増大号)","Vol.40, No.3, pp. 113-122","","","https://www.jstage.jst.go.jp/article/jssst/40/3/40_3_113/_article/-char/ja/","10.11309/jssst.40.3_113","","yes","20230800"
"2022","12","","domestic","高橋亮*†,雪田和歌子,横田知之,染谷隆夫,川原圭博","メアンダコイル++:継続的なウェアラブルコンピューティングのための衣類全面での安全で高効率な無線給電","第30回インタラクティブシステムとソフトウェアに関するワークショップ(WISS 2022)","pp.79-86","山形","最優秀論文賞受賞","https://www.wiss.org/WISS2022/","","","yes","20221200"
"2022","04","29","conference","R. Takahashi*†, W. Yukita, T. Yokota, T. Someya, and Y. Kawahara","Meander Coil++: A Body-scale Wireless Power Transmission using Safe-to-body and Energy-efficient Transmitter Coil","Proceedings of the 2022 CHI Conference on Human Factors in Computing Systems (ACM CHI'22)","Article No.: 390, Pages 1-12","New Orleans, LA, USA","Best Paper Award","https://dl.acm.org/doi/abs/10.1145/3491102.3502119","10.1145/3491102.3502119","","yes","20220429"
"2022","03","","domestic","高橋亮*†,雪田和歌子,横田知之,染谷隆夫,川原圭博","ユビキタスな面状センサアレイに向けた単一センサアレイによる多機能センシングの設計","信学総大 2022","B-15","オンライン","","https://www.ieice-taikai.jp/2022general/jpn/p_pro/0221_Bpro.pdf","","","no","20220300"
"2021","12","27","journal","R. Takahashi*†, W. Yukita, T. Sasatani, T. Yokota, T. Someya, and Y. Kawahara","Twin Meander Coil: Sensitive Readout of Battery-free On-body Wireless Sensors Using Body-scale Meander Coils","Proceedings of the ACM on Interactive, Mobile, Wearable and Ubiquitous Technologies (ACM IMWUT)","Vol.5, No.4, Article No.179","","","https://dl.acm.org/doi/10.1145/3494996","10.1145/3494996","","yes","20211227"
"2021","09","","journal","M. Morita, T. Sasatani, R. Takahashi, and Y. Kawahara","Surface Routing for Wireless Power Transfer using 2-D Relay Resonator Arrays","IEEE Access","Vol. 9, pp. 133102 - 133110","","","https://ieeexplore.ieee.org/document/9547299","10.1109/ACCESS.2021.3115143","","yes","20210900"
"2021","09","","domestic","高橋亮*†,雪田和歌子,笹谷拓也,横田知之,染谷隆夫,川原圭博","衣服スケールのメアンダコイルによるバッテリレスセンサの高感度な無線読み取り手法","UBI研究会","第71回","オンライン","優秀論文賞","http://sigubi.ipsj.or.jp/","","","no","20210900"
"2021","09","","domestic","高橋亮*†,雪田和歌子,横田知之,染谷隆夫,川原圭博","衣類全面での無線給電に向けた人体に安全な送電コイルの設計","信学ソ大 2021","B-15","オンライン","","https://www.ieice-taikai.jp/2021society/jpn/p_program.html","","","no","20210900"
"2021","03","","domestic","高橋亮*†,雪田和歌子,笹谷拓也,横田知之,染谷隆夫,川原圭博","バッテリレスなウェアラブルの無線センシングに向けた衣類型リーダコイルの設計","信学総大 2021","B-15-23","Online","","https://www.ieice.org/publications/conferences/article.php?expandable=0&ConfCd=2021G&session_num=B-15&conf_type=G&year=2021","","","no","20210300"
"2020","10","20","conference","R. Takahashi*†, M. Fukumoto, C. Han, T. Sasatani, Y. Narusue, and Y. Kawahara","TelemetRing: A Batteryless and Wireless Ring-Shaped Keyboard using Passive Inductive Telemetry","Proceedings of the 33rd Annual ACM Symposium on User Interface Software and Technology (UIST’20)","Pages 1161–1168","Virtual (previously Minneapolis, US)","","https://dl.acm.org/doi/10.1145/3379337.3415873","10.1145/3379337.3415873","","yes","20201020"
"2020","09","","domestic","高橋亮*†,笹谷拓也,川原圭博","体内への電磁界暴露を抑制可能な無線給電・通信用テキスタイルコイルの設計","信学ソ大 2020","B-15","オンライン","","https://www.ieice.org/publications/conferences/summary.php?id=CONF0000127759&expandable=1&ConfCd=2020S&session_num=B-15&lecture_number=B-15-22&year=2020&conf_type=S","","","no","20200900"
"2020","03","","domestic","平井雄太,笹谷拓也,高橋亮,川原圭博","マルチモード準静空洞共振器を用いた無線給電における中継器の構成についての検討","信学総大 2020","B-20-11","広島,日本","","https://jglobal.jst.go.jp/detail?JGLOBAL_ID=202002292134569145","","","no","20200300"
"2020","03","","domestic","高橋亮*†,韓燦教,笹谷拓也,成末義哲,福本雅朗,川原圭博,苗村健","ワイヤレスな指輪型キーボードのバッテリレス化手法","信学総大 2020","B-15-13","広島,日本","","https://www.ieice.org/publications/conferences/summary.php?id=CONF0000125962&expandable=0&ConfCd=2020G&session_num=B-15&lecture_number=B-15-13&year=2020&conf_type=G","","","no","20200300"
"2020","01","","conference","M. Morita, T. Sasatani, R. Takahashi, and Y. Kawahara","Topology Construction Protocol for Wireless Power Transfer System with a 2-D Relay Resonator Array","Proc. of IEEE International Conference on Consumer Electronics 2020 (ICCE)","pp.1-5","Las Vegas, US","","https://ieeexplore.ieee.org/document/9043052","10.1109/ICCE46568.2020.9043052","","yes","20200100"
"2018","12","27","journal","R.Takahashi*†, T. Sasatani, F. Okuya, Y. Narusue, and Y. Kawahara","A Cuttable Wireless Power Transfer Sheet","Proc. of the ACM on Interactive, Mobile, Wearable and Ubiquitous Technologies (ACM IMWUT)","Vol.2, No.4, Article No. 190","","","https://dl.acm.org/citation.cfm?id=3287068","10.1145/3287068","","yes","20181227"
"2018","10","08","demo","R. Takahashi*†, T. Sasatani, F. Okuya, Y. Narusue, and Y. Kawahara","Demo: Design of Cuttable Wireless Power Transfer Sheet","Adjunct Proc. of ACM UbiComp 2018","pp.456-459","Singapore","","https://dl.acm.org/citation.cfm?id=3267570","10.1145/3267305.3267570","","yes","20181008"
"2018","10","","domestic","角谷和宣,西澤勇輝,笹谷拓也,高橋亮,成末義哲,川原圭博","1MHz磁界共振結合方式を用いた無線給電プラレールの設計と製作","信学技報","Vol. 118, No. 227, WPT2018-50, pp. 111-114","京都","","https://www.ieice.org/ken/paper/20181004B169/","","依頼講演","no","20181000"
"2018","03","","domestic","高橋亮*†,笹谷拓也,奥谷文徳,成末義哲,川原圭博","切断により形状の変更が可能な無線電力伝送シートの設計の一検討","信学総大 2018","B-21-19","東京, 日本","","https://www.ieice.org/publications/conferences/summary.php?id=CONF0000116660&expandable=0&ConfCd=2018G&session_num=B-21&lecture_number=B-21-19&year=2018&conf_type=G","","","no","20180300"
